{
    "data":[
            {
            "accountName":"Etisalat",
            "formNo":"1887927",
            "status":"In-Progress",
            "crationDate":" 7/15/2017"
            },
            {
            "accountName":"James Patric",
            "formNo":"1888767",
            "status":"Completed",
            "crationDate":"7/01/2017"
            },
            {
            "accountName":"Rivoli",
            "formNo":"1887677",
            "status":"In-Progress",
            "crationDate":"7/12/2017"
            }
        ]
}
