{
  "items": [
    {
      "groupId": 0,
      "entityType": "entityHome",
      "name_en": "Home",
      "name_ar": "الصفحة الرئيسية",
      "icon": "ic_home",
      "menuId": "menuHome",
      "isLoginReq":""
    },
    {
      "groupId": 0,
      "entityType": "entityLogout",
      "name_en": "Logout",
      "name_ar": "الخروج",
      "icon": "ic_nav_logout",
      "menuId": "menuLogout",
      "isLoginReq":"true"
    },
    {
      "groupId": 0,
      "entityType": "entitySurvey",
      "name_en": "Survey",
      "name_ar": "الدراسة الاستقصائية",
      "icon": "ic_nav_survey",
      "menuId": "menuSurvey",
      "isLoginReq":"false"
    },
    {
      "groupId": 0,
      "entityType": "entityShowHelperMenu",
      "name_en": "Show Helper Menu",
      "name_ar": "إظهار قائمة المساعد",
      "icon": "ic_home",
      "menuId": "menuShowHelperMenu",
      "isLoginReq":"false"
    },
    {
      "groupId": 0,
      "entityType": "serviceRequest",
      "name_en": "Service Request",
      "name_ar": "طلب خدمة",
      "icon": "ic_nav_service_req",
      "menuId": "menuServiceRequest",
      "isLoginReq":"false"
    },
    {
      "groupId": 0,
      "entityType": "form",
      "name_en": "Forms",
      "name_ar": "إستمارات",
      "icon": "ic_nav_forms",
      "menuId": "menuForm",
      "isLoginReq":"true"
    },
    {
      "groupId": 0,
      "entityType": "profile",
      "name_en": "Profile",
      "name_ar": "الملف الشخصي",
      "icon": "ic_nav_user",
      "menuId": "menuProfile",
      "isLoginReq":"true"
    }
  ]
}
