{
    
    "data": [
             {
             "Service Request Source": "Email",
             "Account Name": "",
             "Company Name": "JEFF PAT",
             "Creation date": "06/02/2017",
             "Service Request Status": "Approved",
             "Description": "",
             "Service Request Number": "1-566883"
             },
             {
             "Service Request Source": "Email",
             "Account Name": "",
             "Company Name": "JAMES ROOT",
             "Creation date": "06/02/2017",
             "Service Request Status": "Approved",
             "Description": "",
             "Service Request Number": "1-566884"
             },{
             "Service Request Source": "Email",
             "Account Name": "",
             "Company Name": "JOS BUTLAR",
             "Creation date": "06/02/2017",
             "Service Request Status": "Pending",
             "Description": "",
             "Service Request Number": "1-566885"
             },{
             "Service Request Source": "Email",
             "Account Name": "",
             "Company Name": "ANDY PATRIC",
             "Creation date": "06/02/2017",
             "Service Request Status": "Approved",
             "Description": "",
             "Service Request Number": "1-566886"
             }
             ]
} 
